{
  "css/style.css": 1739939068330,
  "controller/Order.controller.js": 1739939068334,
  "model/models.js": 1739939068326,
  "controller/App.controller.js": 1739939068326,
  "manifest.json": 1740111774411,
  "Component.js": 1739939068318,
  "controller/App-dbg.controller.js": 1739939068326,
  "controller/App.controller.js.map": 1740111774537,
  "model/models-dbg.js": 1739939068326,
  "model/models.js.map": 1740111774532,
  "controller/Order-dbg.controller.js": 1739939068334,
  "controller/Order.controller.js.map": 1740111774533,
  "Component-dbg.js": 1739939068318,
  "Component.js.map": 1740111774532,
  "Component-preload.js": 1740111774602,
  "Component-preload.js.map": 1740111774602,
  "view/Order.view.xml": 1739939068330,
  "view/App.view.xml": 1739939068330,
  "i18n/i18n.properties": 1739939068322,
  "index.html": 1739939068318
}